,Id,Uber Type,Origin Region,Destination Region,Origin Latitude,Origin Longitude,Destination Latitude,Destination Longitude,Journey Distance(m),Departure Date,Departure Time,Travel Time(s),Arrival Time,Fare$,Travel Time(s
0,ID1634101177,0,4,1,-37.8142704,145.01112719999998,-37.805414899999995,144.94367869999996,6485.5,15-07-2018,15:16:39,1631.5800000000006,15:43:50,12.33,
1,ID1543845645,0,6,1,-37.7908183,144.9857929,-37.8154829,144.96656140000002,3845.1,16-05-2018,20:18:37,948.4799999999997,20:34:25,9.08,
2,ID1705653103,0,2,3,-37.819925,144.95071869999998,-37.8242505,144.99051730000002,3929.2,24-03-2018,00:02:37,971.1599999999997,0:18:48,18.28,
3,ID1976896518,0,9,6,-38.1109156,144.65417250000002,-37.7738026,144.98364660000001,51061.0,09-06-2018,17:14:08,12952.44000000001,20:50:00,31.39,
4,ID1757868349,0,4,9,-37.8010135,144.9887015,-38.1109156,144.65417250000002,46514.0,05-06-2018,02:28:49,11209.079999999998,5:35:38,30.77,
5,ID3995545278,1,5,4,-37.8096741,144.9365179,-37.7988111,144.9891795,5733.8,21-04-2018,12:28:46,1451.7599999999998,12:52:57,19.73,
6,ID1602932529,0,4,1,-37.8026132,145.0024608,-37.8115095,144.959273,4495.3,21-02-2018,03:52:33,1093.3800000000006,4:10:46,15.65,
7,ID3807438731,1,7,4,-37.8618349,144.90571599999998,-37.81127,145.0019469,11176.0,13-02-2018,00:37:41,3611.9999999999977,1:37:53,31.91,
8,ID5568596974,2,4,8,-37.8024438,145.0139305,-37.8158343,145.04645,4552.0,13-03-2018,18:36:27,1446.54,19:00:33,110.78,
9,ID5838901445,2,3,9,-37.818866799999995,144.9979072,-38.1109156,144.65417250000002,46693.0,27-01-2018,06:02:31,11309.28,9:11:00,725.78,
10,ID1431863507,0,8,7,-37.8158343,145.04645,-37.8618349,144.90571599999998,15151.0,22-06-2018,10:59:05,4917.479999999999,12:21:02,11.42,
11,ID1579432565,0,6,1,-37.7907967,144.985865,-37.818112,144.97000930000002,3932.0,07-03-2018,16:55:44,1131.1200000000003,17:14:35,10.1,
12,ID1992115888,0,4,3,-37.8157534,145.0032195,-37.810137700000006,144.9965834,1168.0,17-07-2018,04:43:42,287.5800000000001,4:48:29,12.86,
13,ID1511434981,0,8,3,-37.807202000000004,145.0266373,-37.815220200000006,144.9898946,4362.0,02-05-2018,07:10:18,1024.62,7:27:22,6.29,
14,ID1460599735,0,8,2,-37.8006466,144.9357718,-37.82127929999999,144.94634119999998,4204.0,20-06-2018,22:01:54,961.02,22:17:55,14.66,
15,ID3582772301,1,6,2,-37.7908183,144.9857929,-37.8156966,144.93271919999998,7024.0,11-02-2018,11:34:51,1806.48,12:04:57,17.1,
16,ID1640973200,0,6,7,-37.801069,144.9638735,-37.8618349,144.90571599999998,9630.0,12-01-2018,11:23:43,3226.080000000001,12:17:29,8.62,
17,ID1180053988,0,5,1,-37.8002124,144.9258168,-37.804565999999994,144.9774159,5035.0,01-01-2018,15:03:37,1300.7400000000002,15:25:17,10.73,
18,ID3228485149,1,3,2,-37.8200291,144.968851,-37.8197216,144.9514715,1883.0,16-03-2018,02:50:36,480.3000000000001,2:58:36,17.01,
19,ID1415900887,0,5,5,-37.803137799999995,145.0045622,-37.8048626,144.92443469999998,7810.0,05-04-2018,04:30:13,2014.2599999999993,5:03:47,16.04,
20,ID1198444772,0,5,2,-37.8163702,144.9286073,-37.822570500000005,144.9526419,3770.0,22-07-2018,05:00:14,930.9,5:15:44,16.45,
21,ID3393551899,1,6,2,-37.7874325,144.9803767,-37.8201966,144.9462139,5659.0,23-02-2018,10:16:40,1364.4600000000007,10:39:24,13.34,
22,ID1433660404,0,8,2,-37.812088200000005,144.95233369999997,-37.8136961,144.9461109,1009.0,16-04-2018,20:08:37,225.18000000000004,20:12:22,9.38,
23,ID1514027289,0,8,1,-37.8158343,145.04645,-37.8117253,144.9453555,9345.0,13-04-2018,22:22:23,2618.400000000002,23:06:01,17.53,
24,ID1219662704,0,8,1,-37.807202000000004,145.0266373,-37.8094403,144.9491969,7570.0,14-02-2018,19:49:00,1921.799999999999,20:21:01,11.46,
25,ID3321512821,1,3,2,-37.8166784,144.9876868,-37.8149505,144.9377017,5076.0,17-01-2018,01:14:59,1205.9400000000005,1:35:04,20.6,
26,ID1635143716,0,6,5,-37.7874325,144.9803767,-37.8052151,144.9372108,5736.0,13-05-2018,16:51:49,1555.5599999999995,17:17:44,12.76,
27,ID5155452060,2,1,3,-37.8171876,144.96756609999997,-37.8230514,144.98890680000002,2242.0,20-01-2018,19:37:56,546.96,19:47:02,61.83,
28,ID3334053775,1,9,1,-38.1109156,144.65417250000002,-37.802147399999996,144.9379185,43943.0,21-07-2018,21:06:05,10541.279999999997,0:01:46,69.75,
29,ID3591799373,1,1,6,-37.8189215,144.9548983,-37.7874421,144.9804091,4809.0,14-01-2018,08:25:27,1297.68,8:47:04,16.97,
30,ID1847482415,0,7,8,-37.8618349,144.90571599999998,-37.8145258,145.0155108,13066.0,14-06-2018,14:21:11,3904.2,15:26:15,15.11,
31,ID1473290950,0,1,3,-37.8081019,144.973149,-37.8233242,144.96744630000003,2194.0,21-07-2018,11:56:19,628.3799999999998,12:06:47,8.58,
32,ID3235865173,1,8,7,-37.8158343,145.04645,-37.8618349,144.90571599999998,15151.0,11-02-2018,07:06:48,4917.479999999999,8:28:45,33.8,
33,ID5887546327,2,6,4,-37.7907967,144.985865,-37.802923,145.00552390000001,3320.0,01-06-2018,18:05:53,886.6800000000003,18:20:39,74.47,
34,ID1923574662,0,3,4,-37.824700799999995,144.988456,-37.8055175,144.9979872,2735.0,25-06-2018,18:47:41,665.7600000000002,18:58:46,8.59,
35,ID5222522236,2,2,4,-37.8132543,144.93868740000002,-37.8113359,145.0084965,6967.0,27-06-2018,05:26:30,1774.98,5:56:04,139.93,
36,ID5276210209,2,2,1,-37.8207552,144.9480634,-37.7738026,144.98364660000001,9760.0,20-03-2018,11:04:55,2953.9800000000005,11:54:08,196.81,
37,ID3655447688,1,2,3,-37.8227836,144.93575230000002,-37.82364570000001,144.9750312,3983.0,02-01-2018,18:28:29,1063.62,18:46:12,13.69,
38,ID1278166265,0,9,4,-38.1109156,144.65417250000002,-37.809313700000004,144.93399680000002,42999.0,04-05-2018,00:09:34,10311.839999999997,3:01:25,28.46,
39,ID3674782315,1,8,7,-37.8158343,145.04645,-37.8246631,144.9466253,9610.0,19-07-2018,02:30:31,2795.8799999999987,3:17:06,26.67,
40,ID1130822260,0,2,4,-37.8243813,144.9443662,-37.8174439,145.0048331,5908.0,23-07-2018,19:37:50,1455.8400000000006,20:02:05,10.6,
41,ID3330580498,1,3,8,-37.8246072,144.9887165,-37.8158343,145.04645,6416.0,19-02-2018,01:22:27,1885.5,1:53:52,23.33,
42,ID3786174517,1,4,7,-37.79602,145.0010543,-37.8618349,144.90571599999998,12511.0,02-06-2018,19:40:49,4059.300000000001,20:48:28,32.17,
43,ID1439041032,0,2,5,-37.8224083,144.9475061,-37.8051953,144.9331841,2626.0,26-01-2018,10:44:42,683.4600000000003,10:56:05,5.94,
44,ID3744717624,1,8,2,-37.807202000000004,145.0266373,-37.812917,144.9392148,8529.0,05-01-2018,18:46:42,2164.379999999999,19:22:46,20.82,
45,ID1513157345,0,5,9,-37.798835600000004,144.9358024,-38.1109156,144.65417250000002,44115.0,15-03-2018,16:39:34,10504.259999999998,19:34:38,25.99,
46,ID3538830832,1,7,8,-37.8618349,144.90571599999998,-37.8158343,145.04645,15151.0,21-03-2018,16:50:01,4911.5999999999985,18:11:52,33.63,
47,ID1521404067,0,6,2,-37.7738026,144.98364660000001,-37.820751200000004,144.94858159999998,9722.0,16-03-2018,02:54:02,2968.3799999999987,3:43:30,16.62,
48,ID3301291083,1,8,2,-37.8158343,145.04645,-37.8209083,144.94230159999998,9807.0,19-04-2018,15:03:32,2805.3,15:50:17,25.05,
49,ID1184330631,0,2,4,-37.812409,144.93693159999998,-37.8111528,144.9975025,5980.0,20-05-2018,18:29:38,1551.36,18:55:29,16.68,
50,ID1213766646,0,9,7,-38.1109156,144.65417250000002,-37.8618349,144.90571599999998,50797.0,07-02-2018,02:33:06,13204.979999999996,6:13:10,33.41,
51,ID1611794819,0,2,1,-37.81925379999999,144.9422159,-37.815608399999995,144.9357637,1625.0,15-04-2018,05:51:36,409.14,5:58:25,15.82,
52,ID5981483603,2,1,9,-37.8155025,144.96661559999998,-38.1109156,144.65417250000002,43653.0,09-04-2018,18:47:22,10463.64,21:41:45,676.09,
53,ID3367145819,1,4,5,-37.8119708,145.0152746,-37.8029724,144.9291375,8288.0,16-02-2018,14:34:06,2102.640000000001,15:09:08,19.9,
54,ID3920253300,1,5,8,-37.7998329,144.93173000000002,-37.8158343,145.04645,10536.0,19-06-2018,14:55:17,2916.1800000000007,15:43:53,24.65,
55,ID1954821589,0,7,5,-37.8618349,144.90571599999998,-37.799353499999995,144.92775580000003,11987.0,18-04-2018,13:15:02,3805.319999999999,14:18:27,14.0,
56,ID1123747220,0,6,2,-37.7907967,144.985865,-37.8140346,144.9470579,5272.0,21-02-2018,06:10:02,1447.26,6:34:09,8.41,
57,ID5442192128,2,9,7,-38.1109156,144.65417250000002,-37.8618349,144.90571599999998,50797.0,08-05-2018,17:26:20,13204.979999999996,21:06:24,847.67,
58,ID3228397008,1,9,7,-38.1109156,144.65417250000002,-37.8618349,144.90571599999998,50797.0,27-04-2018,22:23:15,13204.979999999996,2:03:19,77.89,
59,ID3270251649,1,7,6,-37.8618349,144.90571599999998,-37.7738026,144.98364660000001,16033.0,14-05-2018,16:15:44,5320.6799999999985,17:44:24,35.22,
60,ID3260216240,1,9,5,-38.1109156,144.65417250000002,-37.8062236,144.93236869999998,43578.0,18-02-2018,16:10:49,10438.259999999997,19:04:47,62.91,
61,ID5583451419,2,2,1,-37.8192711,144.9423758,-37.8241184,144.9534812,1374.0,02-02-2018,15:34:15,386.34,15:40:41,44.99,
62,ID1818988591,0,3,9,-37.8245586,144.9848092,-38.1109156,144.65417250000002,45617.0,23-05-2018,06:10:16,11020.74,9:13:56,20.29,
63,ID5408754744,2,8,2,-37.807202000000004,145.0266373,-37.8221675,144.94779219999998,8126.0,01-01-2018,22:08:40,2059.0200000000004,22:42:59,158.57,
64,ID5589358489,2,2,9,-37.821006,144.9442801,-38.1109156,144.65417250000002,41534.0,09-04-2018,11:11:07,9985.32,13:57:32,635.33,
65,ID1962886048,0,8,4,-37.807202000000004,145.0266373,-37.8168831,145.0073361,2853.0,06-02-2018,04:54:40,680.1600000000002,5:06:00,13.29,
66,ID3725659171,1,2,6,-37.816697600000005,144.9319125,-37.7738026,144.98364660000001,9395.0,02-07-2018,16:20:22,2702.22,17:05:24,21.64,
67,ID5507404910,2,4,8,-37.8108545,144.9995943,-37.8158343,145.04645,4211.0,09-07-2018,13:31:35,1342.2,13:53:57,102.81,
68,ID1116432066,0,9,7,-38.1109156,144.65417250000002,-37.8618349,144.90571599999998,50797.0,15-01-2018,10:59:04,13204.979999999996,14:39:08,23.29,
69,ID1404832474,0,9,8,-38.1109156,144.65417250000002,-37.8158343,145.04645,51032.0,13-04-2018,23:08:48,12681.060000000005,2:40:09,31.65,
70,ID1312431570,0,3,5,-37.8135886,144.97512680000003,-37.8068662,144.93878059999997,3956.0,16-05-2018,11:55:27,919.6799999999997,12:10:46,4.54,
71,ID3387262181,1,4,6,-37.812230299999996,145.0159644,-37.7908183,144.9857929,4763.0,16-06-2018,08:38:29,1208.7000000000005,8:58:37,14.55,
72,ID3758167834,1,6,3,-37.7874325,144.9803767,-37.825725399999996,144.9828503,4832.0,15-03-2018,13:29:12,1259.1000000000004,13:50:11,15.49,
73,ID1474146727,0,6,4,-37.7874325,144.9803767,-37.81497529999999,145.0045748,5134.0,07-06-2018,09:14:32,1419.5999999999995,9:36:41,5.94,
74,ID3924804975,1,2,7,-37.8135331,144.9373574,-37.8618349,144.90571599999998,10526.0,19-07-2018,07:58:10,3428.5200000000004,8:55:18,19.91,
75,ID1251525244,0,8,3,-37.8158343,145.04645,-37.8121065,144.9738372,6767.0,01-01-2018,16:40:08,1998.0000000000007,17:13:26,11.57,
76,ID3857733068,1,3,1,-37.832819,144.9905243,-37.814718799999994,144.96353440000001,3435.0,11-06-2018,08:25:34,878.0400000000002,8:40:12,9.16,
77,ID1982339413,0,7,3,-37.8618349,144.90571599999998,-37.815582299999996,144.9867456,9588.0,19-04-2018,16:34:30,3205.139999999999,17:27:55,13.82,
78,ID1830116643,0,6,3,-37.7874421,144.9804091,-37.811785,144.9887435,3589.0,17-06-2018,16:58:49,884.8800000000003,17:13:33,15.7,
79,ID1232573333,0,1,8,-37.8058221,144.9333802,-37.8158343,145.04645,10259.0,06-05-2018,15:54:25,2880.88,16:42:42,15.79,
80,ID1253378455,0,4,6,-37.806670200000006,144.9979316,-37.7738026,144.98364660000001,9095.0,26-06-2018,05:02:31,2820.1800000000007,5:49:31,17.82,
81,ID3223647847,1,5,2,-37.8037739,144.9188476,-37.8251276,144.924378,5694.0,13-03-2018,16:13:14,1501.4799999999993,16:37:41,17.88,
82,ID3267112815,1,1,7,-37.8021655,144.9645182,-37.8618349,144.90571599999998,9597.0,11-04-2018,14:15:59,3188.9400000000005,15:09:07,25.97,
83,ID1956210357,0,5,6,-37.8149735,144.927519,-37.7738026,144.98364660000001,10790.0,23-01-2018,13:59:52,3103.04,14:50:45,13.49,
84,ID5988786346,2,5,1,-37.811312799999996,144.9299071,-37.819554,144.96324280000002,4490.0,09-05-2018,06:33:01,1167.9600000000005,6:52:28,83.68,
85,ID3432021397,1,7,2,-37.8618349,144.90571599999998,-37.82139960000001,144.9357672,9951.0,11-07-2018,20:55:30,3378.0599999999995,21:51:48,24.18,
86,ID1282052140,0,3,8,-37.8137444,144.9876194,-37.807202000000004,145.0266373,4404.0,20-01-2018,13:26:59,1044.7800000000002,13:44:23,12.97,
87,ID3408790312,1,4,5,-37.810644599999996,145.01065680000002,-37.7915638,144.9317598,10347.0,17-07-2018,21:38:55,2509.080000000001,22:20:44,25.73,
88,ID3607549452,1,9,7,-38.1109156,144.65417250000002,-37.8618349,144.90571599999998,50797.0,15-07-2018,13:03:28,13204.979999999996,16:43:32,76.62,
89,ID5687601140,2,6,8,-37.7874421,144.9804091,-37.8158343,145.04645,8357.0,12-04-2018,11:34:06,2437.38,12:14:43,162.26,
90,ID1587564022,0,7,1,-37.8618349,144.90571599999998,-37.8054421,144.96508909999997,9264.0,02-06-2018,09:10:45,3122.3799999999987,10:02:07,13.69,
91,ID5553206533,2,9,3,-38.1109156,144.65417250000002,-37.8240744,144.98875769999998,45916.0,12-05-2018,20:01:44,11129.340000000007,23:07:13,727.38,
92,ID3120101653,1,3,9,-37.820980600000006,145.00040380000002,-38.1109156,144.65417250000002,46894.0,27-05-2018,06:01:19,11249.7,9:08:48,64.72,
93,ID1859442747,0,7,3,-37.8618349,144.90571599999998,-37.8095508,144.98646330000003,9827.0,28-03-2018,16:37:35,3342.759999999998,17:32:40,13.3,
94,ID1736991981,0,2,1,-37.809426200000004,144.9288648,-37.8119871,144.9637311,3544.0,01-02-2018,14:59:57,906.72,15:15:03,9.23,
95,ID1782402424,0,2,7,-37.815168799999995,144.9450977,-37.8618349,144.90571599999998,9553.0,11-04-2018,12:23:02,3191.82,13:16:13,12.13,
96,ID5937793044,2,9,7,-38.1109156,144.65417250000002,-37.8618349,144.90571599999998,50797.0,06-03-2018,09:48:43,13204.979999999996,13:28:47,839.75,
97,ID3333331545,1,9,2,-38.1109156,144.65417250000002,-37.8115492,144.9362069,43230.0,28-07-2018,02:05:20,10362.899999999998,4:58:02,68.95,
98,ID1416834336,0,1,4,-37.808862700000006,144.971177,-37.811895299999996,145.0034273,3021.0,12-02-2018,12:24:08,754.5999999999997,12:36:38,9.29,
99,ID1251964985,0,7,1,-37.8618349,144.90571599999998,-37.8155331,144.9665099,7960.0,07-05-2018,09:32:40,2768.4,10:18:48,10.84,
100,ID3435025467,1,6,4,-37.7907967,144.985865,-37.802958600000004,145.0087472,3189.0,02-01-2018,02:08:14,933.4200000000003,2:23:44,18.16,
101,ID1827419717,0,6,3,-37.773845,144.9836895,-37.817924,144.99338480000003,6667.0,04-01-2018,11:02:16,1471.9799999999998,11:26:32,6.61,
102,ID1570735331,0,6,8,-37.7874421,144.9804091,-37.8158343,145.04645,8357.0,28-07-2018,21:57:02,2468.38,22:37:39,18.73,
103,ID1315674517,0,6,5,-37.7874325,144.9803767,-37.8029407,144.93074919999998,6240.0,11-05-2018,03:24:54,1611.7200000000007,3:51:45,14.55,
104,ID3609972222,1,3,7,-37.8207972,144.9942398,-37.8618349,144.90571599999998,10019.0,19-07-2018,21:45:08,3192.600000000001,22:38:20,29.71,
105,ID1806543184,0,4,2,-37.802368200000004,144.99159269999998,-37.8190391,144.9467214,5383.0,10-02-2018,10:35:34,1324.3200000000004,10:57:38,10.72,
106,ID1616912025,0,2,5,-37.815866299999996,144.92163630000002,-37.8129005,144.9298785,1157.0,06-04-2018,17:16:32,267.84000000000003,17:20:59,10.16,
107,ID1421433690,0,3,2,-37.8162232,144.9949785,-37.8189705,144.9465947,4793.0,16-05-2018,04:02:17,1231.5599999999995,4:22:48,15.28,
108,ID3409690064,1,5,4,-37.8031529,144.93673049999998,-37.8142662,145.0110929,7526.0,10-06-2018,13:38:36,1900.86,14:10:16,22.75,
109,ID3609786708,1,7,6,-37.8618349,144.90571599999998,-37.7738026,144.98364660000001,16033.0,16-06-2018,02:48:04,5320.6799999999985,4:16:44,44.43,
110,ID3204711615,1,2,6,-37.8122993,144.9373433,-37.7874325,144.9803767,6159.0,03-01-2018,13:15:24,1572.9600000000007,13:41:36,18.07,
111,ID3294383301,1,7,4,-37.8618349,144.90571599999998,-37.8159705,145.00585700000002,11357.0,07-06-2018,05:37:14,3615.66,6:37:29,30.52,
112,ID1461898476,0,4,7,-37.8117797,144.9988291,-37.8618349,144.90571599999998,10821.0,13-01-2018,04:46:50,3531.36,5:45:41,21.73,
113,ID5885469128,2,1,2,-37.8131314,144.9358897,-37.817994,144.9317665,1214.0,08-03-2018,13:46:41,292.7999999999999,13:51:33,40.01,
114,ID5240676996,2,5,8,-37.813286100000006,144.9334399,-37.807202000000004,145.0266373,9908.0,11-07-2018,20:16:06,2547.12,20.975866666666665:58.55199999999991:33.11999999999534,180.68,
115,ID3933467820,1,1,8,-37.799949,144.9588616,-37.807202000000004,145.0266373,6490.0,12-07-2018,19:43:22,1710.7200000000007,20:11:52,17.84,
116,ID5889297553,2,5,6,-37.8065701,144.93098369999998,-37.7874421,144.9804091,6404.0,23-06-2018,08:58:45,1705.740000000001,9:27:10,125.02,
117,ID1201503034,0,4,2,-37.814424,145.0149411,-37.825271799999996,144.9532437,7282.0,06-01-2018,08:59:14,1743.1800000000005,9.471438888888889:28.286333333333346:17.18000000000029,9.89,
118,ID1920317349,0,1,8,-37.8116985,144.9528899,-37.8158343,145.04645,8490.0,28-03-2018,21:25:29,2412.4800000000005,22:05:41,16.88,
119,ID3759906543,1,9,8,-38.1109156,144.65417250000002,-37.8158343,145.04645,51032.0,18-01-2018,03:16:24,12681.060000000005,6:47:45,75.41,
120,ID1970763934,0,8,3,-37.807202000000004,145.0266373,-37.817535799999995,144.9683719,6628.0,17-07-2018,16:44:38,1652.8200000000006,17:12:10,9.57,
121,ID3420897492,1,6,5,-37.7738026,144.98364660000001,-37.8052525,144.9260628,10777.0,23-04-2018,00:50:18,3260.88,1:44:38,31.71,
122,ID3938836915,1,5,8,-37.8129112,144.933698,-37.8158343,145.04645,11226.0,14-06-2018,15:00:44,3125.94,15:52:49,25.22,
123,ID3502122482,1,9,1,-38.1109156,144.65417250000002,-37.8040667,144.9668552,44516.0,01-05-2018,06:38:39,10760.76000000001,9:37:59,56.71,
124,ID3321132184,1,9,3,-38.1109156,144.65417250000002,-37.822232,144.98289609999998,45370.0,26-02-2018,01:49:36,10856.639999999992,4:50:32,66.43,
125,ID3742713909,1,8,2,-37.807202000000004,145.0266373,-37.8119931,144.93840480000003,8608.0,24-06-2018,15:26:14,2170.8599999999988,16.04023888888889:2.4143333333333885:24.860000000000582,24.46,
126,ID3470768523,1,4,3,-37.8025594,145.0146631,-37.825135499999995,144.9920867,4744.0,25-06-2018,22:39:28,1283.9999999999995,23:00:52,20.66,
127,ID1513602548,0,6,1,-37.7738026,144.98364660000001,-37.799913000000004,144.9515033,7933.0,07-07-2018,03:21:16,2529.36,4:03:25,19.28,
128,ID1480724356,0,4,6,-37.8012929,144.9968149,-37.7874325,144.9803767,3112.0,24-07-2018,00:09:13,756.8400000000001,0:21:49,12.6,
129,ID1298831765,0,6,7,-37.7874325,144.9803767,-37.8618349,144.90571599999998,11633.0,25-04-2018,01:42:37,3663.780000000001,2:43:40,17.99,
130,ID3961367478,1,4,6,-37.8009869,144.99833669999998,-37.7874421,144.9804091,3213.0,01-03-2018,12:31:22,807.5400000000002,12:44:49,13.6,
131,ID1813574977,0,8,2,-37.807202000000004,145.0266373,-37.820160200000004,144.9508446,7854.0,16-01-2018,16:53:28,1986.48,17.442911111111112:26.574666666666644:34.4800000000032,11.31,
132,ID3832482648,1,1,5,-37.8095937,144.93610619999998,-37.8041355,144.9177199,2204.0,18-01-2018,01:30:17,621.7800000000002,1:40:38,17.73,
133,ID3685229709,1,9,1,-38.1109156,144.65417250000002,-37.8137654,144.94806730000002,43282.0,19-07-2018,00:53:02,10368.72,3:45:50,64.63,
134,ID1514112938,0,8,9,-37.807202000000004,145.0266373,-38.1109156,144.65417250000002,49777.0,19-03-2018,13:35:25,12069.78,16:23:19,26.7,10074.0
135,ID3950371850,1,2,1,-37.820783,144.94864730000003,-37.815102100000004,144.94502130000004,772.0,20-01-2018,08:33:17,185.76,8.606322222222222:36.37933333333331:22.7599999999984,8.8,
136,ID1443747376,0,3,8,-37.813964299999995,144.97134119999998,-37.8158343,145.04645,7077.0,28-03-2018,21:25:53,2070.36,22:00:23,15.3,
137,ID5643200438,2,5,8,-37.8051492,144.92945480000003,-37.807202000000004,145.0266373,9345.0,13-03-2018,06:44:45,2439.9,7:25:24,161.97,
138,ID5491554416,2,7,3,-37.8618349,144.90571599999998,-37.81140870000001,144.97494619999998,8854.0,09-05-2018,18:40:32,2963.279999999999,19:29:55,205.89,
139,ID1833414544,0,1,5,-37.81206829999999,144.9383555,-37.8126695,144.9315696,1632.0,23-01-2018,14:48:07,467.16,14.931711111111111:55.90266666666673:54.16000000000349,8.57,
140,ID5530355440,2,4,3,-37.8162029,145.01022350000002,-37.823783399999996,144.99767930000002,1846.0,11-06-2018,01:03:17,473.28,1:11:10,57.41,
141,ID3375938233,1,3,6,-37.8219199,144.9725456,-37.773845,144.9836895,6174.0,18-04-2018,11:39:17,1377.2400000000002,12:02:14,12.33,
142,ID1507318338,0,7,6,-37.8618349,144.90571599999998,-37.7738026,144.98364660000001,16033.0,15-06-2018,05:23:47,5320.6799999999985,6:30:19,20.93,3992.0
143,ID1842956207,0,4,6,-37.803723600000005,145.010641,-37.7738026,144.98364660000001,10215.0,03-05-2018,05:48:00,3130.4400000000005,6.669566666666667:40.174000000000035:10.440000000002328,17.04,
144,ID3295877881,1,6,9,-37.7874421,144.9804091,-38.1109156,144.65417250000002,47035.0,15-03-2018,12:04:41,11407.86,15:14:48,64.14,
145,ID3271727515,1,6,4,-37.773845,144.9836895,-37.807674299999995,144.9919535,5636.0,17-02-2018,17:11:47,1230.4200000000005,17:32:17,18.11,
146,ID3552449076,1,8,5,-37.8158343,145.04645,-37.8133487,144.9312518,11271.0,19-06-2018,02:40:18,3157.9199999999987,3.548866666666666:32.93199999999996:55.919999999998254,32.16,
147,ID3439436552,1,4,1,-37.810567999999996,145.01599069999997,-37.8087831,144.9612867,5554.0,16-03-2018,09:59:59,1369.9800000000005,10:22:48,10.56,
148,ID3952255353,1,4,6,-37.8033005,144.98957719999999,-37.773845,144.9836895,5198.0,11-06-2018,04:29:30,1058.8200000000004,4:47:08,19.54,
149,ID1200107819,0,4,9,-37.7973366,145.0107,-38.1109156,144.65417250000002,48804.0,02-02-2018,07:04:42,11917.02,10:23:19,22.26,
150,ID1621216302,0,8,2,-37.8158343,145.04645,-37.815479700000004,144.9327496,10899.0,24-02-2018,21:19:26,3043.0199999999986,22:10:09,21.59,
151,ID3559216128,1,1,2,-37.8055089,144.9431064,-37.8198915,144.94697150000002,1923.0,24-04-2018,17:41:27,471.78,17:49:18,11.89,
152,ID1878834291,0,5,8,-37.8047461,144.9285066,-37.8158343,145.04645,10764.0,26-02-2018,08:05:25,2996.640000000001,8:55:21,9.99,
153,ID3589731206,1,4,8,-37.8002282,145.0103085,-37.807202000000004,145.0266373,1803.0,14-02-2018,02:13:53,456.84,2:21:29,15.72,
154,ID3670594292,1,7,3,-37.8618349,144.90571599999998,-37.8107586,144.97710859999998,9114.0,03-04-2018,10:46:28,3018.179999999999,11:36:46,20.08,
155,ID5477365178,2,7,4,-37.8618349,144.90571599999998,-37.79951810000001,145.009185,12791.0,17-01-2018,14:13:11,4089.179999999998,15:21:20,278.07,
156,ID1703892507,0,5,6,-37.7943924,144.9349072,-37.773845,144.9836895,8561.0,23-07-2018,23:47:10,1874.04,0:18:24,15.41,
157,ID3449437962,1,3,4,-37.818844299999995,145.0068388,-37.80229620000001,145.012452,2117.0,15-06-2018,18:23:46,517.3199999999998,18:32:23,12.2,
158,ID1774686098,0,8,3,-37.8158343,145.04645,-37.8246995,144.98470780000002,6844.0,03-06-2018,22:57:14,2011.62,23:30:45,18.96,
159,ID5568752635,2,7,8,-37.8618349,144.90571599999998,-37.8158343,145.04645,15151.0,16-02-2018,02:29:54,4911.5999999999985,3:51:45,337.4,
160,ID3530619972,1,3,6,-37.82691320000001,144.9895501,-37.7907967,144.985865,4496.0,28-05-2018,22:19:30,1253.76,22:40:23,19.99,
161,ID5513651272,2,1,6,-37.8207129,144.9568024,-37.7738026,144.98364660000001,9282.0,09-03-2018,12:29:47,2860.140000000001,13:17:27,198.93,
162,ID1607000187,0,8,7,-37.8158343,145.04645,-37.8618349,144.90571599999998,15151.0,05-06-2018,00:29:26,4917.479999999999,1:51:23,20.91,
163,ID3780449778,1,4,9,-37.8040814,145.00898059999997,-38.1109156,144.65417250000002,48071.0,09-03-2018,22:49:25,11647.5,2:03:32,71.06,
164,ID3266426452,1,9,6,-38.1109156,144.65417250000002,-37.7908183,144.9857929,47186.0,26-03-2018,11:08:57,11423.220000000007,14:19:20,61.0,
165,ID1917640661,0,6,3,-37.773845,144.9836895,-37.8175669,144.97047709999998,5846.0,21-05-2018,18:53:03,1327.86,19.253016666666667:15.18100000000004:10.860000000000582,12.77,
166,ID3318090991,1,5,6,-37.8067216,144.9321165,-37.7908183,144.9857929,6483.0,05-02-2018,02:53:08,1725.6000000000006,3:21:53,21.57,
167,ID3776803401,1,3,5,-37.8134036,144.9740726,-37.791773799999994,144.93594009999998,7265.0,07-03-2018,14:34:34,1823.82,15.082727777777778:4.963666666666654:57.81999999999971,17.89,
168,ID3128191028,1,5,6,-37.805997399999995,144.9295055,-37.7874325,144.9803767,6972.0,05-06-2018,19:28:41,1840.7400000000007,19.989372222222226:59.36233333333348:21.74000000000524,19.22,
169,ID3398158814,1,5,8,-37.8091367,144.9372571,-37.807202000000004,145.0266373,8931.0,28-05-2018,17:47:53,2230.14,18.41753888888889:25.05233333333331:3.139999999999418,17.68,
170,ID1270002475,0,5,8,-37.804810700000004,144.9281335,-37.8158343,145.04645,10692.0,18-03-2018,20:38:27,2986.92,21.470533333333332:28.23199999999997:13.919999999998254,17.68,
171,ID3421123733,1,4,9,-37.8096605,144.9923455,-38.1109156,144.65417250000002,46237.0,08-07-2018,12:54:50,11130.3,16:00:20,67.52,
172,ID5482581126,2,5,2,-37.8049604,144.9315487,-37.8128773,144.93727019999997,2125.0,15-06-2018,22:37:55,523.6800000000002,22:46:38,61.64,
173,ID3957524210,1,8,1,-37.8158343,145.04645,-37.801167299999996,144.968491,7598.0,26-01-2018,9:13:46,2223.840000000001,9.847177777777778:50.83066666666673:49.84000000000378,17.25,
174,ID3157226837,1,7,1,-37.8618349,144.90571599999998,-37.8012758,144.96375030000002,9611.0,07-05-2018,13:22:35,3152.9399999999955,14:15:07,26.5,
175,ID1884236768,0,4,1,-37.812430400000004,145.01586650000002,-37.819154100000006,144.9541094,7635.0,01-05-2018,06:32:46,1846.260000000001,7:03:32,5.23,
176,ID3557106178,1,6,3,-37.7874421,144.9804091,-37.809898499999996,144.97823200000002,2661.0,16-05-2018,23:53:21,685.56,0.07960000000000278:4.776000000000067:46.55999999999767,15.36,
177,ID1645763274,0,1,4,-37.8117481,144.9565163,-37.813257,145.0048305,4591.0,08-05-2018,22:25:26,1111.5600000000004,22.732655555555553:43.959333333333234:57.55999999999767,15.22,
178,ID5526824761,2,8,5,-37.8158343,145.04645,-37.802218700000005,144.9308002,10716.0,21-06-2018,13:37:28,3017.9399999999987,14:27:45,210.86,
179,ID3407832836,1,1,8,-37.8211718,144.9553904,-37.807202000000004,145.0266373,7414.0,13-07-2018,3:46:38,1828.5600000000006,4.285155555555557:17.10933333333338:6.56000000000131,23.57,
180,ID1860280510,0,3,9,-37.821333,144.9834794,-38.1109156,144.65417250000002,45417.0,14-03-2018,0:44:33,10956.36,3.7859333333333334:47.156000000000006:9.360000000000582,28.54,
181,ID3497326839,1,6,3,-37.773845,144.9836895,-37.8140369,144.9854805,5768.0,09-03-2018,03:43:15,1233.66,4:03:48,22.12,
182,ID3894275806,1,9,3,-38.1109156,144.65417250000002,-37.8204739,144.97911630000002,45087.0,21-07-2018,12:16:51,10845.839999999998,15:17:36,68.57,
183,ID3214347899,1,5,7,-37.8054867,144.9351555,-37.8618349,144.90571599999998,10765.0,06-06-2018,23:20:53,3494.0400000000004,0:19:07,32.31,
184,ID1688638946,0,8,6,-37.8158343,145.04645,-37.7907967,144.985865,7470.0,24-07-2018,03:17:38,2302.380000000001,3:56:00,16.45,
185,ID5814324550,2,6,5,-37.773845,144.9836895,-37.804446899999995,144.91663180000003,8673.0,25-06-2018,13:00:20,2114.6399999999994,13:35:34,152.65,
186,ID1892695068,0,8,7,-37.807202000000004,145.0266373,-37.8618349,144.90571599999998,13986.0,20-05-2018,04:20:43,4298.280000000002,5:32:21,22.51,
187,ID3260451546,1,9,6,-38.1109156,144.65417250000002,-37.7908183,144.9857929,47186.0,20-05-2018,07:09:41,11423.220000000007,10:20:04,62.53,
188,ID3631747864,1,9,1,-38.1109156,144.65417250000002,-37.80244879999999,144.9566083,43917.0,13-03-2018,09:43:23,10630.200000000004,12:40:33,55.91,
189,ID3914008247,1,4,3,-37.806301899999994,144.9973646,-37.81021679999999,144.97797580000002,2552.0,18-01-2018,23:13:39,621.9599999999998,23:24:00,15.21,
190,ID3211567619,1,6,7,-37.7907967,144.985865,-37.8618349,144.90571599999998,11711.0,15-04-2018,00:17:11,3866.9400000000014,1:21:37,36.13,
191,ID1885892599,0,2,4,-37.8214382,144.9456191,-37.800740399999995,145.0101478,7003.0,11-07-2018,19:58:23,1707.9,20:26:50,11.47,
192,ID3579720827,1,6,7,-37.773845,144.9836895,-37.8618349,144.90571599999998,13169.0,22-05-2018,17:32:36,3866.4600000000014,18:37:02,30.53,
193,ID3907007337,1,8,4,-37.8158343,145.04645,-37.803101399999996,145.0206127,5930.0,24-02-2018,09:11:32,1794.5999999999995,9:41:26,18.72,
194,ID5747164531,2,6,8,-37.7738026,144.98364660000001,-37.8158343,145.04645,13562.0,16-01-2018,00:30:34,4213.56,1:40:47,294.03,
195,ID1816261371,0,4,2,-37.812608600000004,145.01186330000002,-37.814123200000004,144.93970969999998,6914.0,13-06-2018,13:33:06,1720.6799999999994,14:01:46,11.1,
196,ID1876652189,0,9,1,-38.1109156,144.65417250000002,-37.801167299999996,144.968491,44861.0,12-06-2018,15:34:20,10860.60000000001,18:35:20,23.82,
197,ID5973605202,2,7,5,-37.8618349,144.90571599999998,-37.8013511,144.9361111,12689.0,20-03-2018,12:35:23,4004.579999999998,13:42:07,272.18,
198,ID1365540761,0,5,4,-37.8161658,144.92873930000002,-37.8004785,145.0183699,9976.0,16-06-2018,06:38:30,2623.56,7:22:13,13.14,
199,ID5742151810,2,7,4,-37.8618349,144.90571599999998,-37.803335,144.9899256,10763.0,25-01-2018,13:09:35,3569.8799999999987,14:09:04,244.17,
200,ID5510599490,2,4,3,-37.8142698,145.0123841,-37.817948799999996,144.9905544,2719.0,23-03-2018,23:49:05,693.4800000000004,0:00:38,73.74,
201,ID1845709679,0,1,9,-37.8070657,144.9600359,-38.1109156,144.65417250000002,43690.0,14-07-2018,12:43:45,10552.62,15:39:37,28.79,
202,ID1255183733,0,8,2,-37.8158343,145.04645,-37.810819200000005,144.9387736,9840.0,25-05-2018,05:33:09,2770.9199999999983,6:19:19,16.97,
203,ID5622476905,2,8,2,-37.8158343,145.04645,-37.8128336,144.94293190000002,9417.0,23-04-2018,16:46:58,2654.6399999999985,17:31:12,186.47,
204,ID5927015845,2,2,5,-37.8136538,144.93060269999998,-37.8052229,144.9324237,1764.0,03-04-2018,10:53:24,470.88,11:01:14,40.62,
205,ID1669334278,0,9,3,-38.1109156,144.65417250000002,-37.826330600000006,145.00390259999998,47253.0,25-05-2018,12:21:48,11433.540000000005,15:32:21,27.45,
206,ID1401665425,0,4,6,-37.8037698,145.0107711,-37.7738026,144.98364660000001,10216.0,24-01-2018,15:57:50,3133.800000000001,16:50:03,12.99,
207,ID5214511451,2,1,2,-37.8246289,144.9601951,-37.8243004,144.93697680000002,2817.0,04-04-2018,01:08:34,710.64,1:20:24,74.36,
208,ID1941297156,0,7,1,-37.8618349,144.90571599999998,-37.8097055,144.9596272,8722.0,24-06-2018,13:15:52,2977.98,14:05:29,15.89,
209,ID3622508802,1,1,2,-37.8125065,144.95326310000002,-37.8221797,144.9311455,3498.0,13-06-2018,11:50:53,816.42,12:04:29,8.67,
210,ID1167683417,0,4,9,-37.808218100000005,145.00962880000003,-38.1109156,144.65417250000002,48144.0,20-04-2018,05:37:16,11652.06,8:51:28,31.21,
211,ID5465484186,2,5,9,-37.8080896,144.9342439,-38.1109156,144.65417250000002,43089.0,28-02-2018,09:59:47,10315.74,12:51:42,665.65,
212,ID1303263998,0,8,1,-37.8158343,145.04645,-37.8094019,144.9546478,8364.0,16-07-2018,04:57:07,2400.1799999999985,5:37:07,14.74,
213,ID3874104777,1,3,6,-37.8097134,144.9879612,-37.7907967,144.985865,2546.0,04-07-2018,00:26:39,744.5999999999998,0:39:03,17.44,
214,ID1588388940,0,2,4,-37.813342600000006,144.9446125,-37.8079234,144.9921256,4608.0,25-03-2018,23:09:22,1120.5600000000004,23:28:02,18.68,
215,ID1763065367,0,7,9,-37.8618349,144.90571599999998,-38.1109156,144.65417250000002,50797.0,30-04-2018,12:51:34,13173.36,16:31:07,27.84,
216,ID1668773728,0,3,2,-37.8234736,144.97819109999998,-37.821095,144.947614,3146.0,19-03-2018,10:47:11,781.4400000000003,11:00:12,6.03,
217,ID1726789676,0,2,3,-37.821454200000005,144.94736519999998,-37.8152092,144.97475659999998,2677.0,02-01-2018,09:44:26,664.92,9:55:30,6.0,
218,ID1957678649,0,9,2,-38.1109156,144.65417250000002,-37.8278943,144.9502257,42879.0,11-05-2018,20:40:33,10347.479999999994,23:33:00,25.0,
219,ID1639346756,0,3,8,-37.8164624,144.97100659999998,-37.8158343,145.04645,7082.0,04-02-2018,07:45:28,2113.92,8:20:41,11.99,
220,ID3258784885,1,6,3,-37.7874421,144.9804091,-37.82412,144.9889671,4695.0,30-06-2018,08:38:49,1198.2600000000002,8:58:47,9.99,
221,ID3721775084,1,8,5,-37.8158343,145.04645,-37.8154839,144.9282243,11735.0,19-07-2018,13:52:16,3260.339999999999,14:46:36,25.18,
222,ID1310867634,0,5,1,-37.8056135,144.9296361,-37.8174248,144.9526301,2623.0,28-02-2018,10:06:30,623.8199999999998,10:16:53,4.92,
223,ID1824975914,0,3,5,-37.8157899,144.9869135,-37.8099179,144.93604119999998,5314.0,30-04-2018,01:06:55,1301.1000000000004,1:28:36,17.23,
224,ID1251972421,0,6,4,-37.7738026,144.98364660000001,-37.798483000000004,144.9979935,8955.0,30-04-2018,23:27:19,2803.0199999999995,0:14:02,16.85,
225,ID1757963225,0,3,8,-37.8108844,144.99018759999998,-37.807202000000004,145.0266373,3961.0,26-01-2018,19:43:03,935.46,19:58:38,10.5,
226,ID3676961989,1,6,1,-37.7874421,144.9804091,-37.8204732,144.96631169999998,4432.0,28-02-2018,04:19:20,1143.360000000001,4:38:23,17.75,
227,ID3424985196,1,6,2,-37.7874421,144.9804091,-37.825010299999995,144.94951709999998,5916.0,01-03-2018,07:47:33,1490.3400000000008,8:12:23,13.28,
228,ID3716864214,1,8,7,-37.807202000000004,145.0266373,-37.8618349,144.90571599999998,13986.0,25-04-2018,12:52:30,4298.280000000002,14:04:08,30.46,
229,ID1453953071,0,1,4,-37.8106368,144.9605957,-37.8024414,144.9922659,3646.0,28-02-2018,07:19:16,823.4400000000003,7:32:59,5.76,
230,ID3279529595,1,8,1,-37.8158343,145.04645,-37.8159139,144.9381486,9919.0,26-06-2018,13:54:02,2802.2399999999993,14:40:44,22.39,
231,ID3427139809,1,6,9,-37.7907967,144.985865,-38.1109156,144.65417250000002,47193.0,11-02-2018,03:35:30,11530.62,6:47:40,73.66,
232,ID3195431740,1,6,8,-37.7874421,144.9804091,-37.8158343,145.04645,8357.0,30-04-2018,20:40:34,2437.38,21:21:11,20.06,
233,ID3856511848,1,7,2,-37.8618349,144.90571599999998,-37.82182589999999,144.9516054,8505.0,12-01-2018,07:49:39,2936.099999999999,8:38:35,18.02,
234,ID1718478287,0,9,2,-38.1109156,144.65417250000002,-37.8179731,144.9320529,43147.0,03-04-2018,09:25:04,10356.599999999997,12:17:40,21.61,
235,ID1146203361,0,3,1,-37.813987899999994,144.9897168,-37.8095586,144.96383840000001,2704.0,01-06-2018,18:22:24,621.3600000000001,18:32:45,9.22,
236,ID1121146831,0,5,4,-37.804305299999996,144.92901030000002,-37.8113612,145.0050992,6998.0,30-04-2018,06:47:09,1831.02,7:17:40,7.82,
237,ID3509692058,1,1,4,-37.8121891,144.96979869999998,-37.7968922,145.0095675,4923.0,11-03-2018,02:34:21,1311.0000000000002,2:56:12,27.43,
238,ID5183389676,2,8,3,-37.8158343,145.04645,-37.8217972,144.9750466,7506.0,21-03-2018,13:53:28,2184.12,14:29:52,156.7,
239,ID3911938313,1,4,1,-37.810097,144.9960508,-37.8141371,144.9716123,2579.0,22-05-2018,22:51:27,682.2000000000004,23:02:49,15.96,
240,ID5503417000,2,6,5,-37.7907967,144.985865,-37.8149675,144.92752109999998,8013.0,22-01-2018,15:38:45,2169.7799999999993,16:14:54,156.48,
241,ID1526976082,0,2,6,-37.8169557,144.9274136,-37.7908183,144.9857929,7583.0,18-03-2018,08:44:43,1927.5000000000007,9:16:50,10.33,
242,ID1413541734,0,2,9,-37.815083,144.9276048,-38.1109156,144.65417250000002,44372.0,11-04-2018,09:13:45,10667.28,12:11:32,21.57,
243,ID3876131840,1,7,8,-37.8618349,144.90571599999998,-37.807202000000004,145.0266373,13986.0,06-04-2018,17:55:02,4292.399999999998,19:06:34,29.6,
244,ID3943856099,1,2,5,-37.8147958,144.92705790000002,-37.8051371,144.92591399999998,3957.0,25-01-2018,10:44:58,978.48,11:01:16,9.13,
245,ID1700965127,0,8,1,-37.807202000000004,145.0266373,-37.7997915,144.9549504,6815.0,02-02-2018,10:58:15,1791.5400000000006,11:28:06,7.9,
246,ID1674552271,0,1,5,-37.799578499999996,144.9596198,-37.8048086,144.92418590000003,3921.0,08-02-2018,02:20:54,962.5800000000003,2:36:56,12.51,
247,ID3189103874,1,3,7,-37.8245586,144.9848092,-37.8618349,144.90571599999998,8892.0,14-03-2018,23:06:56,2941.38,23:55:57,29.17,
248,ID1888953472,0,8,4,-37.8158343,145.04645,-37.798441,144.99458909999998,5897.0,14-05-2018,22:56:04,1794.72,23:25:58,12.81,
249,ID1989657926,0,3,2,-37.81021679999999,144.97797580000002,-37.8138383,144.9348805,5248.0,06-05-2018,03:54:00,1320.0600000000004,4:16:00,16.81,
250,ID3262490429,1,7,4,-37.8618349,144.90571599999998,-37.8095744,145.00032040000002,11162.0,04-04-2018,06:13:56,3623.819999999997,7:14:19,24.15,
251,ID1211496299,0,3,2,-37.817526799999996,144.96855290000002,-37.8178976,144.94854569999998,2375.0,01-05-2018,05:20:23,594.48,5:30:17,13.37,
252,ID3761350077,1,1,8,-37.816990999999994,144.9531909,-37.8158343,145.04645,8669.0,20-07-2018,14:22:24,2412.4800000000005,15:02:36,20.92,
253,ID3554324312,1,6,5,-37.7908183,144.9857929,-37.8017383,144.9311332,6130.0,08-01-2018,02:22:01,1599.66,2:48:40,22.73,
254,ID3501890561,1,7,4,-37.8618349,144.90571599999998,-37.7865539,145.0197062,15763.0,09-04-2018,04:17:39,4899.719999999998,5:39:18,37.93,
255,ID1448604794,0,4,6,-37.799437899999994,145.00364219999997,-37.7874421,144.9804091,3887.0,02-01-2018,20:26:33,977.4000000000003,20:42:50,8.27,
256,ID5748836468,2,1,7,-37.8200547,144.9686517,-37.8618349,144.90571599999998,7601.0,26-03-2018,23:20:10,2651.82,0:04:21,197.9,
257,ID1605344899,0,9,8,-38.1109156,144.65417250000002,-37.8158343,145.04645,51032.0,20-02-2018,15:20:04,12681.060000000005,18:51:25,26.1,
258,ID3537769206,1,7,3,-37.8618349,144.90571599999998,-37.819644200000006,144.9849259,9281.0,01-04-2018,23:31:44,3033.719999999999,0:22:17,33.37,
259,ID1784651782,0,1,3,-37.8152976,144.97476650000002,-37.8242614,144.984296,1838.0,03-03-2018,09:57:56,449.2199999999999,10:05:25,9.43,
260,ID1320714662,0,3,1,-37.809523799999994,144.9904915,-37.7989484,144.9538956,3692.0,25-03-2018,11:24:36,884.46,11:39:20,10.91,
261,ID1494291705,0,5,8,-37.801840000000006,144.9287179,-37.807202000000004,145.0266373,9850.0,24-01-2018,01:09:53,2510.459999999999,1:51:43,17.1,
262,ID5472805321,2,4,2,-37.8043781,144.99329680000002,-37.8120823,144.9383737,6061.0,21-02-2018,16:32:21,1507.0199999999993,16:57:28,115.23,
263,ID3354995186,1,4,8,-37.811750599999996,145.01220969999997,-37.8158343,145.04645,3481.0,10-04-2018,21:37:51,1181.22,21:57:32,22.88,
264,ID3128569543,1,5,9,-37.800970899999996,144.9364078,-38.1109156,144.65417250000002,43900.0,02-02-2018,14:21:08,10505.64,17:16:13,60.2,
265,ID3626183760,1,4,9,-37.804485,145.0039791,-38.1109156,144.65417250000002,48089.0,12-07-2018,18:08:25,11663.58,21:22:48,67.35,
266,ID3997563180,1,5,4,-37.8013501,144.937552,-37.804674299999995,144.9931465,6922.0,20-04-2018,11:20:33,1832.8199999999995,11:51:05,14.25,
267,ID3601195907,1,3,9,-37.8240051,144.98020640000001,-38.1109156,144.65417250000002,45253.0,26-06-2018,21:51:38,10924.14,0:53:42,68.36,
268,ID1637163341,0,8,9,-37.8158343,145.04645,-38.1109156,144.65417250000002,51032.0,16-02-2018,20:55:40,12681.059999999998,0:27:01,27.36,
269,ID3261555845,1,8,9,-37.8158343,145.04645,-38.1109156,144.65417250000002,51032.0,08-02-2018,04:57:31,12681.059999999998,8:28:52,75.17,
270,ID3563696287,1,7,1,-37.8618349,144.90571599999998,-37.8066953,144.96250890000002,8996.0,01-07-2018,04:25:57,3033.2999999999956,5:16:30,32.53,
271,ID3507292914,1,4,1,-37.8012882,145.0036959,-37.816446,144.9710005,4053.0,10-05-2018,23:53:44,1071.1800000000003,0:11:35,20.59,
272,ID1356517592,0,1,7,-37.814718400000004,144.950696,-37.8618349,144.90571599999998,9005.0,03-05-2018,09:13:32,3051.600000000001,10:04:23,9.64,
273,ID1415539641,0,6,5,-37.7908183,144.9857929,-37.791144,144.9368632,6444.0,01-03-2018,16:08:44,1677.42,16:36:41,10.85,
274,ID5896374865,2,1,7,-37.8134396,144.96200980000003,-37.8618349,144.90571599999998,8197.0,03-07-2018,15:01:25,2828.88,15:48:33,197.69,
275,ID1536341660,0,9,6,-38.1109156,144.65417250000002,-37.773845,144.9836895,48197.0,07-02-2018,04:55:18,11495.340000000007,8:06:53,29.74,
276,ID1351402636,0,5,9,-37.8062019,144.9397764,-38.1109156,144.65417250000002,43750.0,09-02-2018,22:39:24,10493.34,1:34:17,29.03,
277,ID3338578937,1,4,8,-37.810795,145.0029751,-37.8158343,145.04645,3871.0,20-01-2018,19:27:19,1274.64,19:48:33,20.41,
278,ID3118499537,1,4,6,-37.81489379999999,145.01428049999998,-37.7907967,144.985865,5320.0,12-01-2018,07:08:44,1451.82,7:32:55,12.53,
279,ID1791546496,0,4,7,-37.800252,145.0095156,-37.8618349,144.90571599999998,12938.0,22-07-2018,18:31:22,4133.700000000002,19:40:15,18.83,
280,ID1307575332,0,3,6,-37.8187507,144.99606430000003,-37.7738026,144.98364660000001,9838.0,22-05-2018,04:05:25,2990.640000000001,4:55:15,17.5,
281,ID1208728990,0,8,4,-37.8158343,145.04645,-37.8099961,144.99523200000002,4558.0,24-06-2018,02:47:05,1421.5200000000002,3:10:46,20.31,
282,ID1737369615,0,4,8,-37.807228,144.99666169999998,-37.8158343,145.04645,4732.0,09-02-2018,06:38:59,1500.2400000000002,7:03:59,6.98,
